Customer_ID,Churn_Prob,Total_Spend
CUST031,0.9385032,965.93
CUST067,0.928696,211.0
CUST003,0.8953039,1078.93
CUST101,0.8777427,227.45
CUST172,0.8473348,0.0
CUST117,0.78358626,775.7500000000001
CUST033,0.7228448,543.9399999999999
