Customer_ID,Churn_Prob,Total_Spend
CUST067,0.9906094,211.0
CUST101,0.9854974,227.45
CUST031,0.9552763,965.9300000000001
CUST172,0.9387791,0.0
CUST097,0.9053444,478.65000000000003
CUST003,0.8895978,1078.93
CUST033,0.8253975,543.9399999999999
CUST030,0.8058468,585.9200000000001
CUST164,0.80215466,0.0
CUST117,0.74041694,775.7500000000001
CUST143,0.73245627,399.92
